{"cameraMode":{"drawMode":0,"name":"Shaded","section":"Shading Mode"},"sceneLighting":false,"audioPlay":false,"sceneViewState":{"showFog":true,"showMaterialUpdate":false,"showSkybox":false,"showFlares":true,"showImageEffects":true,"showParticleSystems":true},"in2DMode":false,"pivot":{"x":0.000958859920501709,"y":0.5105681419372559,"z":-0.0009341239929199219},"rotation":{"x":0.13822340965270997,"y":-0.7329154014587402,"z":0.15645021200180055,"w":0.6475071310997009},"size":3.1091177463531496,"orthographic":false}