{"cameraMode":{"drawMode":0,"name":"Shaded","section":"Shading Mode"},"sceneLighting":true,"audioPlay":false,"sceneViewState":{"showFog":true,"showMaterialUpdate":false,"showSkybox":true,"showFlares":true,"showImageEffects":true,"showParticleSystems":true},"in2DMode":false,"pivot":{"x":2.843517303466797,"y":3.779985189437866,"z":-1.2578446865081788},"rotation":{"x":0.05018142983317375,"y":-0.8996004462242127,"z":0.10738446563482285,"w":0.420337975025177},"size":1.2663160562515259,"orthographic":true}