{"cameraMode":{"drawMode":0,"name":"Shaded","section":"Shading Mode"},"sceneLighting":true,"audioPlay":false,"sceneViewState":{"showFog":true,"showMaterialUpdate":false,"showSkybox":true,"showFlares":true,"showImageEffects":true,"showParticleSystems":true},"in2DMode":false,"pivot":{"x":7.771352767944336,"y":8.234749794006348,"z":16.021484375},"rotation":{"x":0.05018142983317375,"y":-0.8996004462242127,"z":0.10738446563482285,"w":0.420337975025177},"size":76.28279113769531,"orthographic":true}